{"conf":{"0":[[[[1117,179],[463,241]],"joy"],[[[1209,241],[385,165]],"sadness"],[[[1541,184],[183,92]],"anger"],[[[1506,282],[128,84]],"fear"],[[[1569,253],[112,66]],"love"],[[[1737,182],[50,31]],"surprise"]],"1":[[[[1193,103],[37,667]],"joy"],[[[1387,63],[33,517]],"sadness"],[[[1701,24],[39,236]],"anger"],[[[1764,24],[54,158]],"fear"],[[[1805,17],[51,127]],"love"],[[[1911,8],[25,56]],"surprise"]],"2":[[[[1220,76],[43,661]],"joy"],[[[1406,44],[41,509]],"sadness"],[[[1701,24],[34,241]],"anger"],[[[1751,37],[30,182]],"fear"],[[[1803,19],[38,140]],"love"],[[[1912,7],[21,60]],"surprise"]]},"acc":{"0":0.3395,"1":0.8805,"2":0.8965},"loss":{"0":22.8111587841,"1":0.4978051161,"2":0.3450885999},"prec":{"0":0.4082113976,"1":0.8808038219,"2":0.8965927721},"rec":{"0":0.3395,"1":0.8805,"2":0.8965},"dev_loss":{"0":11.01786967,"1":0.4094046504,"2":0.1833384947},"dev_acc":{"0":0.681,"1":0.946,"2":0.9925},"name":{"0":"GaussianNB","1":"LogisticRegression","2":"RandomForestClassifier"}}