{"conf":{"0":[[[[932,364],[21,683]],"joy"],[[[1182,268],[36,514]],"sadness"],[[[1722,3],[182,93]],"anger"],[[[1785,3],[152,60]],"fear"],[[[1822,0],[166,12]],"love"],[[[1919,0],[81,0]],"surprise"]],"1":[[[[1177,119],[32,672]],"joy"],[[[1377,73],[34,516]],"sadness"],[[[1702,23],[46,229]],"anger"],[[[1765,23],[57,155]],"fear"],[[[1812,10],[56,122]],"love"],[[[1912,7],[30,51]],"surprise"]],"2":[[[[1224,72],[45,659]],"joy"],[[[1407,43],[42,508]],"sadness"],[[[1704,21],[34,241]],"anger"],[[[1752,36],[27,185]],"fear"],[[[1801,21],[36,142]],"love"],[[[1909,10],[19,62]],"surprise"]]},"acc":{"0":0.681,"1":0.8725,"2":0.8985},"loss":{"0":0.95917552,"1":0.5874504248,"2":0.3453369695},"prec":{"0":0.7335336684,"1":0.8750844683,"2":0.898489487},"rec":{"0":0.681,"1":0.8725,"2":0.8985},"dev_loss":{"0":0.9334840471,"1":0.5931201932,"2":0.3599837111},"dev_acc":{"0":0.694,"1":0.864,"2":0.89},"name":{"0":"MultinomialNB","1":"LogisticRegression","2":"RandomForestClassifier"}}