{"conf":{"0":[[[[1117,179],[463,241]],"joy"],[[[1209,241],[385,165]],"sadness"],[[[1541,184],[183,92]],"anger"],[[[1506,282],[128,84]],"fear"],[[[1569,253],[112,66]],"love"],[[[1737,182],[50,31]],"surprise"]],"1":[[[[1193,103],[37,667]],"joy"],[[[1387,63],[33,517]],"sadness"],[[[1701,24],[39,236]],"anger"],[[[1764,24],[54,158]],"fear"],[[[1805,17],[51,127]],"love"],[[[1911,8],[25,56]],"surprise"]],"2":[[[[1226,70],[50,654]],"joy"],[[[1408,42],[41,509]],"sadness"],[[[1704,21],[32,243]],"anger"],[[[1751,37],[27,185]],"fear"],[[[1797,25],[36,142]],"love"],[[[1908,11],[20,61]],"surprise"]]},"acc":{"0":0.3395,"1":0.8805,"2":0.897},"loss":{"0":22.8111587841,"1":0.4978051161,"2":0.3422610473},"prec":{"0":0.4082113976,"1":0.8808038219,"2":0.8968899434},"rec":{"0":0.3395,"1":0.8805,"2":0.897},"dev_loss":{"0":11.01786967,"1":0.4094046504,"2":0.1379038102},"dev_acc":{"0":0.681,"1":0.946,"2":0.996},"name":{"0":"GaussianNB","1":"LogisticRegression","2":"RandomForestClassifier"}}