{"conf":{"0":[[[[1081,215],[25,679]],"joy"],[[[1285,165],[38,512]],"sadness"],[[[1710,15],[80,195]],"anger"],[[[1771,17],[78,134]],"fear"],[[[1821,1],[123,55]],"love"],[[[1918,1],[70,11]],"surprise"]],"1":[[[[1198,98],[41,663]],"joy"],[[[1385,65],[39,511]],"sadness"],[[[1700,25],[41,234]],"anger"],[[[1761,27],[49,163]],"fear"],[[[1805,17],[46,132]],"love"],[[[1910,9],[25,56]],"surprise"]],"2":[[[[1245,51],[68,636]],"joy"],[[[1399,51],[46,504]],"sadness"],[[[1699,26],[31,244]],"anger"],[[[1747,41],[25,187]],"fear"],[[[1791,31],[28,150]],"love"],[[[1906,13],[15,66]],"surprise"]]},"acc":{"0":0.793,"1":0.8795,"2":0.8935},"loss":{"0":0.8052201908,"1":0.473139012,"2":0.2789696702},"prec":{"0":0.8216036334,"1":0.8795397713,"2":0.8943889302},"rec":{"0":0.793,"1":0.8795,"2":0.8935},"dev_loss":{"0":0.7878926649,"1":0.4761161612,"2":0.2957679483},"dev_acc":{"0":0.7925,"1":0.877,"2":0.885},"name":{"0":"MultinomialNB","1":"LogisticRegression","2":"RandomForestClassifier"}}