{"conf":{"0":[[[[942,354],[18,686]],"joy"],[[[1186,264],[33,517]],"sadness"],[[[1723,2],[174,101]],"anger"],[[[1785,3],[151,61]],"fear"],[[[1822,0],[166,12]],"love"],[[[1919,0],[81,0]],"surprise"]],"1":[[[[1193,103],[37,667]],"joy"],[[[1387,63],[33,517]],"sadness"],[[[1701,24],[39,236]],"anger"],[[[1764,24],[54,158]],"fear"],[[[1805,17],[51,127]],"love"],[[[1911,8],[25,56]],"surprise"]],"2":[[[[1221,75],[47,657]],"joy"],[[[1407,43],[42,508]],"sadness"],[[[1704,21],[32,243]],"anger"],[[[1753,35],[26,186]],"fear"],[[[1799,23],[39,139]],"love"],[[[1910,9],[20,61]],"surprise"]]},"acc":{"0":0.6885,"1":0.8805,"2":0.897},"loss":{"0":0.9469091879,"1":0.4978051161,"2":0.3431682123},"prec":{"0":0.739088216,"1":0.8808038219,"2":0.8969056706},"rec":{"0":0.6885,"1":0.8805,"2":0.897},"dev_loss":{"0":0.7593575242,"1":0.4094046504,"2":0.1547780162},"dev_acc":{"0":0.774,"1":0.946,"2":0.995},"name":{"0":"MultinomialNB","1":"LogisticRegression","2":"RandomForestClassifier"}}